Categoría;Subcategoría;Tipo de Movimiento;Fecha;Detalle;Monto ($);Notas
"Deportes & Bienestar";"Cuidado Personal";"Gasto";"2026-03-17";"dentista";50000;""
"Deportes & Bienestar";"Cuidado Personal";"Gasto";"2026-03-17";"creatina star 1kg";75280;""
"Deportes & Bienestar";"Cuidado Personal";"Gasto";"2025-12-17";"dentita";40000;""
"Deportes & Bienestar";"Cuidado Personal";"Gasto";"2025-12-14";"Ropa agape";270000;""
"Deportes & Bienestar";"Cuidado Personal";"Gasto";"2025-10-24";"Creatina x4 Gold creature (33k.c/u) -4k Cuenta Dni";66000;""
"Deportes & Bienestar";"Farmacia";"Gasto";"2026-06-01";"farmacia";19292;""
"Deportes & Bienestar";"Farmacia";"Gasto";"2026-05-28";"farmacia";16100;""
"Deportes & Bienestar";"Farmacia";"Gasto";"2026-05-20";"farmacia";10550;""
"Deportes & Bienestar";"Farmacia";"Gasto";"2026-05-18";"pastillas fecofar";6100;""
"Deportes & Bienestar";"Farmacia";"Gasto";"2026-04-14";"curaplus";9700;""
"Deportes & Bienestar";"Farmacia";"Gasto";"2026-01-27";"farmacia";2500;""
"Deportes & Bienestar";"Farmacia";"Gasto";"2025-12-31";"";79000;""
"Deportes & Bienestar";"Farmacia";"Gasto";"2025-12-10";"Miopropan, ibu";35000;""
"Deportes & Bienestar";"Farmacia";"Gasto";"2025-11-08";"Curaplus";8500;""
"Deportes & Bienestar";"Farmacia";"Gasto";"2025-06-23";"Pastillas fecofar";4840;""
"Deportes & Bienestar";"Fútbol";"Gasto";"2026-05-23";"rix";20000;""
"Deportes & Bienestar";"Fútbol";"Gasto";"2026-03-17";"F5";3000;""
"Deportes & Bienestar";"Gimnasio";"Gasto";"2026-03-04";"futbol";3000;""
"Deportes & Bienestar";"Gimnasio";"Gasto";"2025-10-21";"Ki rehab.";120000;""
"Deportes & Bienestar";"Gimnasio";"Gasto";"2025-09-10";"Ki rehab.";10000;""
"Deportes & Bienestar";"Gimnasio";"Gasto";"2025-08-28";"Ki rehab.";110000;""
"Deportes & Bienestar";"Suplementos";"Gasto";"2026-05-14";"magnesio";56027;""
"Deportes & Bienestar";"Suplementos";"Gasto";"2026-02-22";"magnesio";23000;""
"Deportes & Bienestar";"Suplementos";"Gasto";"2025-10-24";"Bisciglinato de magnesio x3";55104;""
"Formación";"Libros";"Gasto";"2026-02-22";"libros";31000;""
"Formación";"Material escolar";"Gasto";"2026-01-19";"agenda";2500;""
"Gastos Fijos";"Celular";"Gasto";"2026-05-14";"celular movistar";16490;""
"Gastos Fijos";"Celular";"Gasto";"2026-04-21";"renovación resgistro de conducir";40187;""
"Gastos Fijos";"Celular";"Gasto";"2026-04-11";"celular movistar";15323;""
"Gastos Fijos";"Celular";"Gasto";"2026-03-11";"celular movistar";14762;""
"Gastos Fijos";"Celular";"Gasto";"2026-02-13";"celular movbistar";13650;""
"Gastos Fijos";"Celular";"Gasto";"2025-12-11";"Celular Movistar";10410;""
"Gastos Fijos";"Celular";"Gasto";"2025-11-04";"Celular Movistar";10500;""
"Gastos Fijos";"Celular";"Gasto";"2025-10-09";"Celular Movistar";9500;""
"Gastos Fijos";"Internet";"Gasto Fijo";"Fijo Mensual (Día 15)";"Internet Fibra";28000;"Vence día 15"
"Gastos Fijos";"Internet";"Gasto Fijo";"Fijo Mensual (Día 15)";"Internet Fibra";28000;"Vence día 15"
"Gastos Fijos";"Internet";"Gasto Fijo";"Fijo Mensual (Día 15)";"Internet Fibra";28000;"Vence día 15"
"Gastos Fijos";"Internet";"Gasto Fijo";"Fijo Mensual (Día 15)";"Internet Fibra";28000;"Vence día 15"
"Gastos Fijos";"Internet";"Gasto Fijo";"Fijo Mensual (Día 15)";"Internet Fibra";28000;"Vence día 15"
"Gastos Fijos";"Internet";"Gasto Fijo";"Fijo Mensual (Día 15)";"Internet Fibra";28000;"Vence día 15"
"Gastos Fijos";"Internet";"Gasto Fijo";"Fijo Mensual (Día 15)";"Internet Fibra";28000;"Vence día 15"
"Gastos Fijos";"Internet";"Gasto Fijo";"Fijo Mensual (Día 15)";"Internet Fibra";28000;"Vence día 15"
"Gastos Fijos";"Internet";"Gasto Fijo";"Fijo Mensual (Día 15)";"Internet Fibra";28000;"Vence día 15"
"Gastos Fijos";"Internet";"Gasto Fijo";"Fijo Mensual (Día 15)";"Internet Fibra";28000;"Vence día 15"
"Gastos Fijos";"Suscripciones";"Gasto";"2026-04-13";"spotify";8415;""
"Gastos Fijos";"Suscripciones";"Gasto";"2026-02-19";"spotify";8300;""
"Gastos Fijos";"Suscripciones";"Gasto";"2026-01-19";"spotify";8300;""
"Gastos Fijos";"Suscripciones";"Gasto";"2026-01-14";"spotify";8300;""
"Gastos Fijos";"Suscripciones";"Gasto";"2025-12-15";"Spotify";8300;""
"Mascotas (Olivia)";"Alimentación";"Gasto";"2026-05-02";"comida olivia";3400;""
"Mascotas (Olivia)";"Alimentación";"Gasto";"2026-04-29";"comida olivia (15 de reintegro?)";110000;""
"Mascotas (Olivia)";"Juguetes / Accesorios";"Gasto";"2026-05-01";"disco olivia";2000;""
"Mascotas (Olivia)";"Salud / Vet";"Gasto";"2026-05-09";"consulta veterinaria";34000;""
"Mascotas (Olivia)";"Salud / Vet";"Gasto";"2026-05-02";"medicamento olivia";9000;""
"Mascotas (Olivia)";"Salud / Vet";"Gasto";"2026-03-01";"veterinario VACUNA";40000;""
"Mascotas (Olivia)";"Salud / Vet";"Gasto";"2026-02-27";"veterinario";15000;""
"Mascotas (Olivia)";"Salud / Vet";"Gasto";"2025-12-28";"Veterinario";85000;""
"Ocio & Recreación";"Gaming";"Gasto";"2026-03-17";"arreglo jostick";35000;""
"Ocio & Recreación";"Gaming";"Gasto";"2026-02-27";"juego mr preper";5600;""
"Ocio & Recreación";"Paseos";"Gasto";"2025-11-30";"Regular coc x13";75000;""
"Ocio & Recreación";"Recreación";"Gasto";"2026-05-11";"franui shell";20100;""
"Ocio & Recreación";"Recreación";"Gasto";"2026-05-01";"alfajor atalaya";29300;""
"Ocio & Recreación";"Recreación";"Gasto";"2026-04-06";"café bs as";6000;""
"Ocio & Recreación";"Recreación";"Gasto";"2026-03-16";"helado";8000;""
"Ocio & Recreación";"Recreación";"Gasto";"2026-03-16";"franui";8500;""
"Ocio & Recreación";"Recreación";"Gasto";"2026-03-07";"golosinas dientitos";5000;""
"Ocio & Recreación";"Recreación";"Gasto";"2026-03-04";"helado";9000;""
"Ocio & Recreación";"Recreación";"Gasto";"2026-02-14";"mayorista golosinas";11000;""
"Ocio & Recreación";"Recreación";"Gasto";"2026-02-12";"entrada fiesta jangueo";16100;""
"Ocio & Recreación";"Recreación";"Gasto";"2026-02-12";"tragos jangueo";16000;""
"Ocio & Recreación";"Recreación";"Gasto";"2025-12-28";"";2790;""
"Ocio & Recreación";"Recreación";"Gasto";"2025-12-14";"Medialunas Atalaya 1 docena";14000;""
"Ocio & Recreación";"Recreación";"Gasto";"2025-11-23";"1/4 Helado";8800;""
"Ocio & Recreación";"Recreación";"Gasto";"2025-10-29";"YPF Cadbury y 2 rastas";10000;""
"Ocio & Recreación";"Recreación";"Gasto";"2025-10-02";"kilinmanjarou 6";40000;""
"Ocio & Recreación";"Recreación";"Gasto";"2025-08-31";"kilinmanjarou 6";40000;""
"Ocio & Recreación";"Recreación";"Gasto";"2025-08-14";"SHEll - Franui y gomitas";20000;""
"Ocio & Recreación";"Recreación";"Gasto";"2025-07-24";"kilinmanjarou 5";30000;""
"Salidas & Gastronomía";"Restaurantes";"Gasto";"2026-05-24";"cowsins";17900;""
"Salidas & Gastronomía";"Restaurantes";"Gasto";"2026-05-18";"pit master";54000;""
"Salidas & Gastronomía";"Restaurantes";"Gasto";"2026-05-16";"pit master";21000;""
"Salidas & Gastronomía";"Restaurantes";"Gasto";"2026-05-10";"burguer cnb";15000;""
"Salidas & Gastronomía";"Restaurantes";"Gasto";"2026-04-27";"cowsins";17900;""
"Salidas & Gastronomía";"Restaurantes";"Gasto";"2026-04-12";"cowsins";13500;""
"Salidas & Gastronomía";"Restaurantes";"Gasto";"2026-03-16";"Burguer cowsins";13425;""
"Salidas & Gastronomía";"Restaurantes";"Gasto";"2026-03-01";"cowsins";21000;""
"Salidas & Gastronomía";"Restaurantes";"Gasto";"2026-02-20";"cowsins";9000;""
"Salidas & Gastronomía";"Restaurantes";"Gasto";"2026-02-08";"Empanadas";4000;""
"Salidas & Gastronomía";"Restaurantes";"Gasto";"2026-02-08";"cowsins";13200;""
"Salidas & Gastronomía";"Restaurantes";"Gasto";"2025-12-28";"Burguer mac";17600;""
"Salidas & Gastronomía";"Restaurantes";"Gasto";"2025-11-24";"Campito enzo simon";18700;""
"Salidas & Gastronomía";"Restaurantes";"Gasto";"2025-11-24";"Campito enzo Milo";2700;""
"Salidas & Gastronomía";"Restaurantes";"Gasto";"2025-11-23";"burguer y bebida";18000;""
"Salidas & Gastronomía";"Restaurantes";"Gasto";"2025-08-17";"Cowsins";13900;""
"Salidas & Gastronomía";"Restaurantes";"Gasto";"2025-07-07";"Cowsins (+7000 de Sabri)";13400;""
"Seguros";"Vehículo";"Gasto";"2026-05-07";"Seguro auto";88671;""
"Seguros";"Vehículo";"Gasto";"2026-04-08";"Seguro auto";86700;""
"Seguros";"Vehículo";"Gasto";"2026-03-07";"Seguro auto";79335;""
"Seguros";"Vehículo";"Gasto";"2026-02-05";"Seguro auto";77205;""
"Seguros";"Vehículo";"Gasto";"2026-01-07";"Seguro auto";74215;""
"Seguros";"Vehículo";"Gasto";"2025-12-10";"Seguro";74215;""
"Seguros";"Vehículo";"Gasto";"2025-11-09";"Seguro";73300;""
"Seguros";"Vehículo";"Gasto";"2025-11-09";"Patente";32300;""
"Seguros";"Vehículo";"Gasto";"2025-10-09";"Seguro";71052;""
"Seguros";"Vehículo";"Gasto";"2025-09-09";"Patente";33200;""
"Seguros";"Vehículo";"Gasto";"2025-08-08";"Patente";35734.8;""
"Seguros";"Vehículo";"Gasto";"2025-08-08";"Seguro";68097.7;""
"Social & Eventos";"Juntadas";"Gasto";"2026-05-11";"Juntada agus";40328;""
"Social & Eventos";"Juntadas";"Gasto";"2026-04-03";"Juntada agus y manu";12800;""
"Social & Eventos";"Juntadas";"Gasto";"2026-03-24";"Juntada agus";6000;""
"Social & Eventos";"Juntadas";"Gasto";"2026-03-23";"juntada casa agus";6000;""
"Social & Eventos";"Juntadas";"Gasto";"2026-02-28";"Juntada";20000;""
"Social & Eventos";"Juntadas";"Gasto";"2026-01-16";"juntada part 1 laburo";7850;""
"Social & Eventos";"Juntadas";"Gasto";"2026-01-16";"juntada part 2 laburo";15000;""
"Social & Eventos";"Juntadas";"Gasto";"2026-01-12";"Juntada";28300;""
"Social & Eventos";"Juntadas";"Gasto";"2026-01-03";"Juntada";18900;""
"Social & Eventos";"Juntadas";"Gasto";"2025-12-31";"Joda año nuevo";24200;""
"Social & Eventos";"Juntadas";"Gasto";"2025-12-07";"Juntada Sicardi";12000;""
"Social & Eventos";"Juntadas";"Gasto";"2025-12-07";"Juntada";8400;""
"Social & Eventos";"Juntadas";"Gasto";"2025-08-29";"Juntado Casa Cola";14700;""
"Social & Eventos";"Juntadas";"Gasto";"2025-06-15";"Juntada Pizzas";3200;""
"Social & Eventos";"Regalos";"Gasto";"2026-05-27";"carne cumple papa";71000;""
"Social & Eventos";"Regalos";"Gasto";"2026-04-26";"regalo santi";20000;""
"Social & Eventos";"Regalos";"Gasto";"2026-04-24";"regalo mamam";150000;""
"Social & Eventos";"Regalos";"Gasto";"2026-04-03";"regalo nahuel";12300;""
"Social & Eventos";"Regalos";"Gasto";"2026-03-14";"regalo gaspar";13125;""
"Social & Eventos";"Regalos";"Gasto";"2026-03-07";"picada cumple";18000;""
"Social & Eventos";"Regalos";"Gasto";"2026-03-07";"hielo cumple";8000;""
"Social & Eventos";"Regalos";"Gasto";"2026-03-07";"bengalita cumple";2000;""
"Social & Eventos";"Regalos";"Gasto";"2026-03-07";"bebida cumple";59800;""
"Social & Eventos";"Regalos";"Gasto";"2026-03-06";"torta cumple";18000;""
"Social & Eventos";"Regalos";"Gasto";"2026-03-06";"bebida cumple";165400;""
"Social & Eventos";"Regalos";"Gasto";"2025-12-28";"Regalo Juan";22000;""
"Social & Eventos";"Regalos";"Gasto";"2025-12-25";"regalo luna";50000;""
"Social & Eventos";"Regalos";"Gasto";"2025-12-25";"regalo sabri juego";12750;""
"Social & Eventos";"Regalos";"Gasto";"2025-12-15";"regalo sabri";29000;""
"Social & Eventos";"Regalos";"Gasto";"2025-12-07";"cumpleaños paula";19000;""
"Social & Eventos";"Regalos";"Gasto";"2025-11-30";"Reagalo sol";20000;""
"Supermercado";"Almacén";"Gasto";"2026-08-07";"Gasto a Anular";25000;""
"Supermercado";"Almacén";"Gasto";"2026-08-01";"Compra Repuesto Auto";45000;""
"Supermercado";"Almacén";"Gasto";"2026-04-24";"carbon";11500;""
"Supermercado";"Almacén";"Gasto";"2026-04-18";"chango mas";21424;""
"Supermercado";"Almacén";"Gasto";"2026-04-14";"super mama";30000;""
"Supermercado";"Almacén";"Gasto";"2026-03-26";"chango mas";16000;""
"Supermercado";"Almacén";"Gasto";"2026-03-22";"chango mas 2500 Manu y aghus";10000;""
"Supermercado";"Almacén";"Gasto";"2026-02-20";"comida";20000;""
"Supermercado";"Almacén";"Gasto";"2026-02-13";"comida bud bunny";15740;""
"Supermercado";"Almacén";"Gasto";"2026-02-07";"Brownie";5000;""
"Supermercado";"Almacén";"Gasto";"2026-01-24";"chango mas";20945;""
"Supermercado";"Almacén";"Gasto";"2026-01-18";"chango mas";26100;""
"Supermercado";"Almacén";"Gasto";"2026-01-11";"chino, carbon?";9300;""
"Supermercado";"Almacén";"Gasto";"2026-01-10";"chango mas , comida y golo";40466;""
"Supermercado";"Almacén";"Gasto";"2026-01-03";"chango mas";19000;""
"Supermercado";"Almacén";"Gasto";"2025-12-21";"Chango mas";23789.25;""
"Supermercado";"Almacén";"Gasto";"2025-12-07";"Chango mas";30130;""
"Supermercado";"Almacén";"Gasto";"2025-11-26";"Chino peligroso";8200;""
"Supermercado";"Almacén";"Gasto";"2025-11-14";"Chango mas";37000;""
"Supermercado";"Almacén";"Gasto";"2025-11-06";"Pulgas Olivia";10000;""
"Supermercado";"Almacén";"Gasto";"2025-10-31";"Chango mas";41085;""
"Supermercado";"Almacén";"Gasto";"2025-10-11";"Chango mas";22004.2;""
"Supermercado";"Almacén";"Gasto";"2025-10-04";"Chango mas";22053.65;""
"Supermercado";"Almacén";"Gasto";"2025-09-20";"Chango mas";18594.67;""
"Supermercado";"Almacén";"Gasto";"2025-09-07";"Chango mas";38500;""
"Supermercado";"Almacén";"Gasto";"2025-08-24";"20% chango mas";19598.15;""
"Supermercado";"Almacén";"Gasto";"2025-08-17";"20% chango mas";2750;""
"Supermercado";"Almacén";"Gasto";"2025-08-08";"20% chango mas";17436;""
"Supermercado";"Almacén";"Gasto";"2025-07-19";"20% chango mas";12964.45;""
"Supermercado";"Almacén";"Gasto";"2025-07-12";"20% chango mas";20555.2;""
"Supermercado";"Almacén";"Gasto";"2025-07-01";"Pan";2299;""
"Supermercado";"Almacén";"Gasto";"2025-06-28";"Brownie exquisita";3900;""
"Supermercado";"Almacén";"Gasto";"2025-06-28";"20% chango mas";16692;""
"Supermercado";"Almacén";"Gasto";"2025-06-14";"Brownie exquisita";3900;""
"Supermercado";"Almacén";"Gasto";"2025-06-09";"chango mas";29172.41;""
"Supermercado";"Carnicería";"Gasto";"2026-05-28";"chinchu 2kg+ pan";19800;""
"Supermercado";"Carnicería";"Gasto";"2026-05-23";"15kg PYM 15kg suprema";137750;""
"Supermercado";"Carnicería";"Gasto";"2026-05-20";"pata y muslo 3kg";12000;""
"Supermercado";"Carnicería";"Gasto";"2026-05-14";"alitas 3kg";7260;""
"Supermercado";"Carnicería";"Gasto";"2026-05-08";"pata y muslo 3kg";11463;""
"Supermercado";"Carnicería";"Gasto";"2026-04-22";"pata y muslo 10kg";10000;""
"Supermercado";"Carnicería";"Gasto";"2026-03-31";"pata y muslo 10kg";31000;""
"Supermercado";"Carnicería";"Gasto";"2026-03-26";"milanesas";30000;""
"Supermercado";"Carnicería";"Gasto";"2026-03-12";"Menudos x10kg abasto";9000;""
"Supermercado";"Carnicería";"Gasto";"2026-03-10";"Menudos x3kg oviedo";6100;""
"Supermercado";"Carnicería";"Gasto";"2026-03-10";"carne picada";11492;""
"Supermercado";"Carnicería";"Gasto";"2026-02-20";"Pescado 1,5 kg";16170;""
"Supermercado";"Carnicería";"Gasto";"2026-02-18";"Pata y muslo y menudos";26000;""
"Supermercado";"Carnicería";"Gasto";"2026-02-07";"menudo, pata y muslo";21777;""
"Supermercado";"Carnicería";"Gasto";"2026-01-22";"menudos 3kg";4500;""
"Supermercado";"Carnicería";"Gasto";"2026-01-06";"bifes de aguja";16150;""
"Supermercado";"Carnicería";"Gasto";"2025-08-14";"Milanesas de Pollo";23625;""
"Supermercado";"Carnicería";"Gasto";"2025-06-29";"Pollo perris";10800;""
"Supermercado";"Carnicería";"Gasto";"2025-06-23";"Pollo perris";9818;""
"Supermercado";"Delivery";"Gasto";"2026-02-05";"rappi";9900;""
"Supermercado";"Delivery";"Gasto";"2026-01-14";"rappi";9000;""
"Supermercado";"Delivery";"Gasto";"2025-12-15";"rappi pro";9000;""
"Supermercado";"Verdulería";"Gasto";"2026-05-28";"carbon";10000;""
"Supermercado";"Verdulería";"Gasto";"2026-02-13";"Carbón chico";3400;""
"Supermercado";"Verdulería";"Gasto";"2026-01-06";"Verduleria papa";3700;""
"Supermercado";"Verdulería";"Gasto";"2025-11-11";"Frutillas y tomates";11000;""
"Transporte";"Auto Mantenimiento";"Gasto";"2026-05-14";"vtv";97058;""
"Transporte";"Auto Mantenimiento";"Gasto";"2026-04-30";"Extintor";20000;""
"Transporte";"Auto Mantenimiento";"Gasto";"2026-04-30";"aceite auto";14900;""
"Transporte";"Auto Mantenimiento";"Gasto";"2026-04-27";"parabrisas 7 (neto polarizado)";40000;""
"Transporte";"Auto Mantenimiento";"Gasto";"2026-04-24";"parabrisas 7 (neto polarizado)";40000;""
"Transporte";"Auto Mantenimiento";"Gasto";"2026-04-13";"mecanico";190000;""
"Transporte";"Auto Mantenimiento";"Gasto";"2026-04-11";"mecanico";243500;""
"Transporte";"Auto Mantenimiento";"Gasto";"2026-03-12";"telepase";9000;""
"Transporte";"Auto Mantenimiento";"Gasto";"2026-03-12";"Solicitud informe de dominio";1770;""
"Transporte";"Auto Mantenimiento";"Gasto";"2026-02-13";"tuerca de seguridad";26000;""
"Transporte";"Auto Mantenimiento";"Gasto";"2025-11-30";"Mecanico pato";150000;""
"Transporte";"Auto Mantenimiento";"Gasto";"2025-10-09";"Aceite Auto";8000;""
"Transporte";"Auto Mantenimiento";"Gasto";"2025-06-18";"Vtv";63463.3;""
"Transporte";"Combustible";"Gasto";"2026-05-03";"shell 2110 x l";88500;""
"Transporte";"Combustible";"Gasto";"2026-04-20";"nafta 2090 xL";73000;""
"Transporte";"Combustible";"Gasto";"2026-04-08";"nafta 2090 xL";45911;""
"Transporte";"Combustible";"Gasto";"2026-04-03";"nafta 2090 xL";43011;""
"Transporte";"Combustible";"Gasto";"2026-03-26";"nafta 1990 xL";68000;""
"Transporte";"Combustible";"Gasto";"2026-03-16";"nafta 1890 xL";51551;""
"Transporte";"Combustible";"Gasto";"2026-03-07";"axion x 1780";70000;""
"Transporte";"Combustible";"Gasto";"2026-02-25";"axion x 1689";72115;""
"Transporte";"Combustible";"Gasto";"2026-02-10";"axion x 1680";60000;""
"Transporte";"Combustible";"Gasto";"2026-01-26";"axion";61500;""
"Transporte";"Combustible";"Gasto";"2026-01-15";"axion";66000;""
"Transporte";"Combustible";"Gasto";"2026-01-05";"Nafta axion 1680 x lt";66000;""
"Transporte";"Combustible";"Gasto";"2025-12-23";"AXION - 1680 xL";64000;""
"Transporte";"Combustible";"Gasto";"2025-12-13";"AXION - 1650 xL";40000;""
"Transporte";"Combustible";"Gasto";"2025-12-06";"AXION - 1650 xL";53010;""
"Transporte";"Combustible";"Gasto";"2025-11-25";"AXION - 1590 xL";69000;""
"Transporte";"Combustible";"Gasto";"2025-11-11";"AXION - 1550 xL";63000;""
"Transporte";"Combustible";"Gasto";"2025-10-29";"AXION - 1490 xL";53001.98;""
"Transporte";"Combustible";"Gasto";"2025-10-19";"AXION";56000;""
"Transporte";"Combustible";"Gasto";"2025-10-03";"AXION";57407;""
"Transporte";"Combustible";"Gasto";"2025-09-19";"AXION";55000;""
"Transporte";"Combustible";"Gasto";"2025-09-05";"AXION: 39,16x$1430";56000;""
"Transporte";"Combustible";"Gasto";"2025-08-22";"Axion";50006.96;""
"Transporte";"Combustible";"Gasto";"2025-08-11";"Axion";27000;""
"Transporte";"Combustible";"Gasto";"2025-08-04";"Axion";37035;""
"Transporte";"Combustible";"Gasto";"2025-07-28";"Axion 25% (Tope:5000)";25000;""
"Transporte";"Combustible";"Gasto";"2025-07-21";"Axion 25% (Tope:5000)";25000;""
"Transporte";"Combustible";"Gasto";"2025-07-14";"Axion 25% (Tope:5000)";25000;""
"Transporte";"Combustible";"Gasto";"2025-06-30";"Axion 25% (Tope:5000)";25000;""
"Transporte";"Combustible";"Gasto";"2025-06-23";"Axion 25% (Tope:5000)";25000;""
"Transporte";"Combustible";"Gasto";"2025-06-16";"Axion 25% (Tope:5000)";25000;""
"Transporte";"Combustible";"Gasto";"2025-05-19";"Axion 25% (Tope:6000)";24000;""
"Transporte";"Combustible";"Gasto";"2025-05-05";"Axion 25% (Tope:6000)";24000;""
"Transporte";"Garage";"Gasto";"2026-04-06";"garaje capital entrevista x 3hs";18500;""
"Transporte";"Garage";"Gasto";"2025-06-19";"Cochera Quevedo";8800;""
"Transporte";"Multas & Peajes";"Gasto";"2026-04-28";"multa por medido";14100;""
"Transporte";"Peajes";"Gasto";"2026-05-04";"peaje";7362.74;""
"Transporte";"Peajes";"Gasto";"2026-04-30";"peaje";7362.74;""
"Transporte";"Peajes";"Gasto";"2026-04-06";"peaje";4489;""
"Transporte";"Peajes";"Gasto";"2026-04-03";"peaje";2250;""
"Transporte";"Peajes";"Gasto";"2026-02-18";"Bad bunny combustible + peaje";12000;""
"Vivienda & Hogar";"Decoración";"Gasto";"2025-10-23";"Difusor Ultrasonico Aromatico Gadnic";20880;""
"Vivienda & Hogar";"Electrodomésticos";"Gasto";"2025-08-14";"SHEll - Auriculares";100000;""
"Vivienda & Hogar";"Electrodomésticos";"Gasto";"2025-08-14";"SHEll - Mouse";50000;""
"Vivienda & Hogar";"Muebles";"Gasto";"2026-04-10";"comoda x10 cajones";380000;""
"Vivienda & Hogar";"Muebles";"Gasto";"2026-04-10";"envio comoda x10 cajones";66000;""
"Vivienda & Hogar";"Muebles";"Gasto";"2025-11-16";"Ferreteria";15200;""
"Vivienda & Hogar";"Muebles";"Gasto";"2025-11-08";"Seña maderas";30000;""
"Vivienda & Hogar";"Muebles";"Gasto";"2025-10-30";"Seña maderas";21014;""
"Vivienda & Hogar";"Muebles";"Gasto";"2025-10-23";"Cinta Doble Faz Hemmel 10M larg";19958;""
"Vivienda & Hogar";"Muebles";"Gasto";"2025-10-23";"10 Cortes Placa Fibrofacil 40x50 3mm";23950;""
"Vivienda & Hogar";"Muebles";"Gasto";"2025-10-23";"Tela para repaldo";35000;""
"Vivienda & Hogar";"Muebles";"Gasto";"2025-10-23";"Goma espuma para 10 cortes fibrofacil";30000;""
"Vivienda & Hogar";"Muebles";"Gasto";"2025-09-25";"Sabanas Suavida";37066.12;""
"Vivienda & Hogar";"Muebles";"Gasto";"2025-09-25";"Edredon Abrazo";44545.45;""
"Vivienda & Hogar";"Muebles";"Gasto";"2025-09-25";"Funda de Tuso";63471.07;""
"Vivienda & Hogar";"Muebles";"Gasto";"2025-09-25";"Sabanas de algodon";65619.83;""
"Vivienda & Hogar";"Muebles";"Gasto";"2025-09-25";"Protector impermeable";93016.53;""
"Vivienda & Hogar";"Muebles";"Gasto";"2025-09-25";"Base de cama";345342.98;""
"Vivienda & Hogar";"Muebles";"Gasto";"2025-09-25";"Colchon";515785.12;""
"Vivienda & Hogar";"Muebles";"Gasto";"2025-08-22";"Soporte doble";75000;""
"Vivienda & Hogar";"Muebles";"Gasto";"2025-08-20";"Escritorio";193000;""
"Vivienda & Hogar";"Muebles";"Gasto";"2025-08-08";"Placard";480000;""
"Vivienda & Hogar";"Reparaciones";"Gasto";"2025-07-22";"Llaves Sabri";10000;""
