"Categoría";"Subcategoría";"Fecha";"Detalle";Importe
"Transporte";"Combustible";"2025-05-05";"Axion 25% (Tope:6000)";24000,00
"Transporte";"Combustible";"2025-05-19";"Axion 25% (Tope:6000)";24000,00
"Ocio";"O - Otros";"2025-06-09";"chango mas";29172,41
"Supermercado";"Almacén";"2025-06-14";"Brownie exquisita";3900,00
"Supermercado";"Almacén";"2025-06-15";"Juntada Pizzas";3200,00
"Transporte";"Combustible";"2025-06-16";"Axion 25% (Tope:5000)";25000,00
"Transporte";"Auto mantenimiento";"2025-06-18";"Vtv";63463,30
"Transporte";"Garage";"2025-06-19";"Cochera Quevedo";8800,00
"Transporte";"Combustible";"2025-06-23";"Axion 25% (Tope:5000)";25000,00
"Salud";"Farmacia";"2025-06-23";"Pastillas fecofar";4840,00
"Supermercado";"Carnicería";"2025-06-23";"Pollo perris";9818,00
"Supermercado";"Almacén";"2025-06-28";"Brownie exquisita";3900,00
"Ocio";"O - Otros";"2025-06-28";"20% chango mas";16692,00
"Supermercado";"Carnicería";"2025-06-29";"Pollo perris";10800,00
"Transporte";"Combustible";"2025-06-30";"Axion 25% (Tope:5000)";25000,00
"Supermercado";"Almacén";"2025-07-01";"Pan";2299,00
"Ocio";"Restaurantes";"2025-07-07";"Cowsins (+7000 de Sabri)";13400,00
"Ocio";"O - Otros";"2025-07-12";"20% chango mas";20555,20
"Transporte";"Combustible";"2025-07-14";"Axion 25% (Tope:5000)";25000,00
"Ocio";"O - Otros";"2025-07-19";"20% chango mas";12964,45
"Transporte";"Combustible";"2025-07-21";"Axion 25% (Tope:5000)";25000,00
"Vivienda";"V - Otros";"2025-07-22";"Llaves Sabri";10000,00
"Transporte";"Combustible";"2025-07-28";"Axion 25% (Tope:5000)";25000,00
"Ocio";"Paseos";"2025-07-24";"kilinmanjarou 5";30000,00
"Transporte";"Combustible";"2025-08-04";"Axion";37035,00
"Vivienda";"Muebles";"2025-08-08";"Placard";480000,00
"Seguros";"Vehículo";"2025-08-08";"Patente";35734,80
"Seguros";"Vehículo";"2025-08-08";"Seguro";68097,70
"Ocio";"O - Otros";"2025-08-08";"20% chango mas";17436,00
"Transporte";"Combustible";"2025-08-11";"Axion";27000,00
"Vivienda";"Electrodomésticos";"2025-08-14";"SHEll - Auriculares";100000,00
"Vivienda";"Electrodomésticos";"2025-08-14";"SHEll - Mouse";50000,00
"Ocio";"O - Otros";"2025-08-14";"SHEll - Franui y gomitas";20000,00
"Supermercado";"Carnicería";"2025-08-14";"Milanesas de Pollo";23625,00
"Ocio";"O - Otros";"2025-08-17";"20% chango mas";2750,00
"Ocio";"Restaurantes";"2025-08-17";"Cowsins";13900,00
"Vivienda";"Muebles";"2025-08-20";"Escritorio";193000,00
"Transporte";"Combustible";"2025-08-22";"Axion";50006,96
"Vivienda";"Muebles";"2025-08-22";"Soporte doble";75000,00
"Ocio";"O - Otros";"2025-08-24";"20% chango mas";19598,15
"Ocio";"O - Otros";"2025-08-29";"Juntado Casa Cola";14700,00
"Ocio";"Paseos";"2025-08-31";"kilinmanjarou 6";40000,00
"Salud";"Gimnasio";"2025-08-28";"Ki rehab.";110000,00
"Transporte";"Combustible";"2025-09-05";"AXION: 39,16x$1430";56000,00
"Ocio";"O - Otros";"2025-09-07";"Chango mas";38500,00
"Salud";"Gimnasio";"2025-09-10";"Ki rehab.";10000,00
"Transporte";"Combustible";"2025-09-19";"AXION";55000,00
"Ocio";"O - Otros";"2025-09-20";"Chango mas";18594,67
"Vivienda";"Muebles";"2025-09-25";"Sabanas Suavida";37066,12
"Vivienda";"Muebles";"2025-09-25";"Edredon Abrazo";44545,45
"Vivienda";"Muebles";"2025-09-25";"Funda de Tuso";63471,07
"Vivienda";"Muebles";"2025-09-25";"Sabanas de algodon";65619,83
"Vivienda";"Muebles";"2025-09-25";"Protector impermeable";93016,53
"Vivienda";"Muebles";"2025-09-25";"Base de cama";345342,98
"Vivienda";"Muebles";"2025-09-25";"Colchon";515785,12
"Seguros";"Vehículo";"2025-09-09";"Patente";33200,00
"Ocio";"Paseos";"2025-10-02";"kilinmanjarou 6";40000,00
"Transporte";"Combustible";"2025-10-03";"AXION";57407,00
"Ocio";"O - Otros";"2025-10-04";"Chango mas";22053,65
"Gastos_Fijos";"Celular";"2025-10-09";"Celular Movistar";9500,00
"Seguros";"Vehículo";"2025-10-09";"Seguro";71052,00
"Transporte";"Auto mantenimiento";"2025-10-09";"Aceite Auto";8000,00
"Ocio";"O - Otros";"2025-10-11";"Chango mas";22004,20
"Transporte";"Combustible";"2025-10-19";"AXION";56000,00
"Salud";"Gimnasio";"2025-10-21";"Ki rehab.";120000,00
"Vivienda";"Muebles";"2025-10-23";"Cinta Doble Faz Hemmel 10M larg";19958,00
"Vivienda";"Decoración";"2025-10-23";"Difusor Ultrasonico Aromatico Gadnic";20880,00
"Vivienda";"Muebles";"2025-10-23";"10 Cortes Placa Fibrofacil 40x50 3mm";23950,00
"Vivienda";"Muebles";"2025-10-23";"Tela para repaldo";35000,00
"Vivienda";"Muebles";"2025-10-23";"Goma espuma para 10 cortes fibrofacil";30000,00
"Salud";"Cuidado Personal";"2025-10-24";"Bisciglinato de magnesio x3";55104,00
"Salud";"Cuidado Personal";"2025-10-24";"Creatina x4 Gold creature (33k.c/u) -4k Cuenta Dni";66000,00
"Transporte";"Combustible";"2025-10-29";"AXION - 1490 xL";53001,98
"Supermercado";"G - Otros";"2025-10-29";"YPF Cadbury y 2 rastas";10000,00
"Ocio";"O - Otros";"2025-10-31";"Chango mas";41085,00
"Vivienda";"Muebles";"2025-10-30";"Seña maderas";21014,00
"Gastos_Fijos";"Celular";"2025-11-04";"Celular Movistar";10500,00
"Supermercado";"Almacén";"2025-11-06";"Pulgas Olivia";10000,00
"Vivienda";"Muebles";"2025-11-08";"Seña maderas";30000,00
"Salud";"Farmacia";"2025-11-08";"Curaplus";8500,00
"Seguros";"Vehículo";"2025-11-09";"Seguro";73300,00
"Seguros";"Vehículo";"2025-11-09";"Patente";32300,00
"Transporte";"Combustible";"2025-11-11";"AXION - 1550 xL";63000,00
"Supermercado";"Verdulería";"2025-11-11";"Frutillas y tomates";11000,00
"Ocio";"O - Otros";"2025-11-14";"Chango mas";37000,00
"Vivienda";"Muebles";"2025-11-16";"Ferreteria";15200,00
"Ocio";"Restaurantes";"2025-11-23";"burguer y bebida";18000,00
"Ocio";"Restaurantes";"2025-11-23";"1/4 Helado";8800,00
"Ocio";"Restaurantes";"2025-11-24";"Campito enzo simon";18700,00
"Ocio";"Restaurantes";"2025-11-24";"Campito enzo Milo";2700,00
"Transporte";"Combustible";"2025-11-25";"AXION - 1590 xL";69000,00
"Supermercado";"Almacén";"2025-11-26";"Chino peligroso";8200,00
"Transporte";"Auto mantenimiento";"2025-11-30";"Mecanico pato";150000,00
"Ocio";"O - Otros";"2025-11-30";"Reagalo sol";20000,00
"Ocio";"Paseos";"2025-11-30";"Regular coc x13";75000,00
"Transporte";"Combustible";"2025-12-06";"AXION - 1650 xL";53010,00
"Ocio";"Restaurantes";"2025-12-07";"Juntada Sicardi";12000,00
"Ocio";"O - Otros";"2025-12-07";"Chango mas";30130,00
"Salud";"Farmacia";"2025-12-10";"Miopropan, ibu";35000,00
"Seguros";"Vehículo";"2025-12-10";"Seguro";74215,00
"Gastos_Fijos";"Celular";"2025-12-11";"Celular Movistar";10410,00
"Transporte";"Combustible";"2025-12-13";"AXION - 1650 xL";40000,00
"Salud";"Cuidado Personal";"2025-12-14";"Ropa agape";270000,00
"Ocio";"O - Otros";"2025-12-14";"Medialunas Atalaya 1 docena";14000,00
"Ocio";"Restaurantes";"2025-12-07";"Juntada";8400,00
"Ocio";"O - Otros";"2025-12-15";"regalo sabri";29000,00
"Ocio";"O - Otros";"2025-12-15";"rappi pro";9000,00
"Ocio";"O - Otros";"2025-12-15";"Spotify";8300,00
"Salud";"Cuidado Personal";"2025-12-17";"dentita";40000,00
"Ocio";"O - Otros";"2025-12-21";"Chango mas";23789,25
"Ocio";"Restaurantes";"2025-12-07";"cumpleaños paula";19000,00
"Transporte";"Combustible";"2025-12-23";"AXION - 1680 xL";64000,00
"Ocio";"O - Otros";"2025-12-25";"regalo luna";50000,00
"Ocio";"O - Otros";"2025-12-25";"regalo sabri juego";12750,00
"Ocio";"O - Otros";"2025-12-28";"Regalo Juan";22000,00
"Ocio";"O - Otros";"2025-12-28";"";2790,00
"Ocio";"O - Otros";"2025-12-28";"Burguer mac";17600,00
"Salud";"Sa - Otros";"2025-12-28";"Veterinario";85000,00
"Ocio";"O - Otros";"2025-12-31";"Joda año nuevo";24200,00
"Salud";"Farmacia";"2025-12-31";"";79000,00
"Ocio";"O - Otros";"2026-01-03";"Juntada";18900,00
"Supermercado";"Almacén";"2026-01-03";"chango mas";19000,00
"Transporte";"Combustible";"2026-01-05";"Nafta axion 1680 x lt";66000,00
"Supermercado";"Verdulería";"2026-01-06";"Verduleria papa";3700,00
"Supermercado";"Carnicería";"2026-01-06";"bifes de aguja";16150,00
"Seguros";"Vehículo";"2026-01-07";"Seguro auto";74215,00
"Supermercado";"Almacén";"2026-01-10";"chango mas , comida y golo";40466,00
"Supermercado";"Almacén";"2026-01-11";"chino, carbon?";9300,00
"Ocio";"Restaurantes";"2026-01-12";"Juntada";28300,00
"Gastos_Fijos";"G - Otros";"2026-01-14";"spotify";8300,00
"Gastos_Fijos";"G - Otros";"2026-01-14";"rappi";9000,00
"Transporte";"Combustible";"2026-01-15";"axion";66000,00
"Ocio";"Restaurantes";"2026-01-16";"juntada part 1 laburo";7850,00
"Ocio";"Restaurantes";"2026-01-16";"juntada part 2 laburo";15000,00
"Supermercado";"G - Otros";"2026-01-18";"chango mas";26100,00
"Vivienda";"V - Otros";"2026-01-19";"agenda";2500,00
"Gastos_Fijos";"Celular";"2026-01-19";"spotify";8300,00
"Supermercado";"Carnicería";"2026-01-22";"menudos 3kg";4500,00
"Supermercado";"G - Otros";"2026-01-24";"chango mas";20945,00
"Transporte";"Combustible";"2026-01-26";"axion";61500,00
"Salud";"Farmacia";"2026-01-27";"farmacia";2500,00
"Seguros";"Vehículo";"2026-02-05";"Seguro auto";77205,00
"Gastos_Fijos";"G - Otros";"2026-02-05";"rappi";9900,00
"Supermercado";"Carnicería";"2026-02-07";"menudo, pata y muslo";21777,00
"Supermercado";"Almacén";"2026-02-07";"Brownie";5000,00
"Supermercado";"Almacén";"2026-02-08";"Empanadas";4000,00
"Ocio";"Restaurantes";"2026-02-08";"cowsins";13200,00
"Transporte";"Combustible";"2026-02-10";"axion x 1680";60000,00
"Ocio";"Bares";"2026-02-12";"entrada fiesta jangueo";16100,00
"Transporte";"Auto mantenimiento";"2026-02-13";"tuerca de seguridad";26000,00
"Supermercado";"Verdulería";"2026-02-13";"Carbón chico";3400,00
"Gastos_Fijos";"Celular";"2026-02-13";"celular movbistar";13650,00
"Supermercado";"Almacén";"2026-02-13";"comida bud bunny";15740,00
"Ocio";"Restaurantes";"2026-02-14";"mayorista golosinas";11000,00
"Ocio";"Bares";"2026-02-12";"tragos jangueo";16000,00
"Transporte";"Combustible";"2026-02-18";"Bad bunny combustible + peaje";12000,00
"Supermercado";"Carnicería";"2026-02-18";"Pata y muslo y menudos";26000,00
"Gastos_Fijos";"Celular";"2026-02-19";"spotify";8300,00
"Supermercado";"Carnicería";"2026-02-20";"Pescado 1,5 kg";16170,00
"Supermercado";"Almacén";"2026-02-20";"comida";20000,00
"Ocio";"Restaurantes";"2026-02-20";"cowsins";9000,00
"Formación";"Libros";"2026-02-22";"libros";31000,00
"Salud";"Cuidado Personal";"2026-02-22";"magnesio";23000,00
"Transporte";"Combustible";"2026-02-25";"axion x 1689";72115,00
"Salud";"Sa - Otros";"2026-02-27";"veterinario";15000,00
"Ocio";"O - Otros";"2026-02-27";"juego mr preper";5600,00
"Ocio";"O - Otros";"2026-02-28";"Juntada";20000,00
"Salud";"Sa - Otros";"2026-03-01";"veterinario VACUNA";40000,00
"Ocio";"Restaurantes";"2026-03-01";"cowsins";21000,00
"Ocio";"O - Otros";"2026-03-04";"helado";9000,00
"Salud";"Gimnasio";"2026-03-04";"futbol";3000,00
"Ocio";"O - Otros";"2026-03-06";"torta cumple";18000,00
"Ocio";"O - Otros";"2026-03-06";"bebida cumple";165400,00
"Seguros";"Vehículo";"2026-03-07";"Seguro auto";79335,00
"Ocio";"O - Otros";"2026-03-07";"picada cumple";18000,00
"Ocio";"O - Otros";"2026-03-07";"hielo cumple";8000,00
"Ocio";"O - Otros";"2026-03-07";"golosinas dientitos";5000,00
"Ocio";"O - Otros";"2026-03-07";"bengalita cumple";2000,00
"Ocio";"O - Otros";"2026-03-07";"bebida cumple";59800,00
"Transporte";"Combustible";"2026-03-07";"axion x 1780";70000,00
"Supermercado";"Carnicería";"2026-03-10";"Menudos x3kg oviedo";6100,00
"Supermercado";"Carnicería";"2026-03-10";"carne picada";11492,00
"Gastos_Fijos";"Celular";"2026-03-11";"celular movistar";14762,00
"Transporte";"Auto mantenimiento";"2026-03-12";"telepase";9000,00
"Transporte";"Auto mantenimiento";"2026-03-12";"Solicitud informe de dominio";1770,00
"Supermercado";"Carnicería";"2026-03-12";"Menudos x10kg abasto";9000,00
"Ocio";"O - Otros";"2026-03-14";"regalo gaspar";13125,00
"Transporte";"Combustible";"2026-03-16";"nafta 1890 xL";51551,00
"Ocio";"O - Otros";"2026-03-16";"helado";8000,00
"Ocio";"O - Otros";"2026-03-16";"franui";8500,00
"Ocio";"O - Otros";"2026-03-16";"Burguer cowsins";13425,00
"Ocio";"O - Otros";"2026-03-17";"F5";3000,00
"Salud";"Cuidado Personal";"2026-03-17";"dentista";50000,00
"Salud";"Cuidado Personal";"2026-03-17";"creatina star 1kg";75280,00
"Ocio";"O - Otros";"2026-03-17";"arreglo jostick";35000,00
"Supermercado";"G - Otros";"2026-03-22";"chango mas 2500 Manu y aghus";10000,00
"Ocio";"O - Otros";"2026-03-23";"juntada casa agus";6000,00
"Ocio";"O - Otros";"2026-03-24";"Juntada agus";6000,00
"Transporte";"Combustible";"2026-03-26";"nafta 1990 xL";68000,00
"Supermercado";"Carnicería";"2026-03-26";"milanesas";30000,00
"Supermercado";"G - Otros";"2026-03-26";"chango mas";16000,00
"Supermercado";"Carnicería";"2026-03-31";"pata y muslo 10kg";31000,00
"Ocio";"O - Otros";"2026-04-03";"regalo nahuel";12300,00
"Ocio";"O - Otros";"2026-04-03";"Juntada agus y manu";12800,00
"Transporte";"Combustible";"2026-04-03";"nafta 2090 xL";43011,00
"Transporte";"T - Otros";"2026-04-03";"peaje";2250,00
"Transporte";"Garage";"2026-04-06";"garaje capital entrevista x 3hs";18500,00
"Transporte";"T - Otros";"2026-04-06";"peaje";4489,00
"Ocio";"Bares";"2026-04-06";"café bs as";6000,00
"Transporte";"Combustible";"2026-04-08";"nafta 2090 xL";45911,00
"Seguros";"Vehículo";"2026-04-08";"Seguro auto";86700,00
"Vivienda";"Muebles";"2026-04-10";"comoda x10 cajones";380000,00
"Vivienda";"Muebles";"2026-04-10";"envio comoda x10 cajones";66000,00
"Vivienda";"V - Otros";"2026-04-10";"Test + templado + marco titulo";57300,00
"Transporte";"Auto mantenimiento";"2026-04-11";"mecanico";243500,00
"Gastos_Fijos";"Celular";"2026-04-11";"celular movistar";15323,00
"Ocio";"Restaurantes";"2026-04-12";"cowsins";13500,00
"Gastos_Fijos";"Celular";"2026-04-13";"spotify";8415,00
"Transporte";"Auto mantenimiento";"2026-04-13";"mecanico";190000,00
"Supermercado";"Almacén";"2026-04-14";"super mama";30000,00
"Salud";"Farmacia";"2026-04-14";"curaplus";9700,00
"Supermercado";"G - Otros";"2026-04-18";"chango mas";21424,00
"Transporte";"Combustible";"2026-04-20";"nafta 2090 xL";73000,00
"Impuestos";"I - Otros";"2026-04-20";"prestado luna";200000,00
"Gastos_Fijos";"G - Otros";"2026-04-21";"renovación resgistro de conducir";40187,00
"Supermercado";"Carnicería";"2026-04-22";"pata y muslo 10kg";10000,00
"Ocio";"O - Otros";"2026-04-24";"regalo mamam";150000,00
"Impuestos";"I - Otros";"2026-04-24";"parabrisas 7 (decuelve el seguro)";136000,00
"Transporte";"Auto mantenimiento";"2026-04-24";"parabrisas 7 limpia vidrio atrás";28707,00
"Transporte";"Auto mantenimiento";"2026-04-27";"parabrisas 7 polarizado";40000,00
"Supermercado";"Almacén";"2026-04-24";"carbon";11500,00
"Ocio";"O - Otros";"2026-04-26";"regalo santi";20000,00
"Ocio";"Restaurantes";"2026-04-27";"cowsins";17900,00
"Transporte";"Auto mantenimiento";"2026-04-28";"multa por medido";14100,00
"Supermercado";"Delivery";"2026-04-29";"comida olivia (15 de reintegro?)";110000,00
"Transporte";"Auto mantenimiento";"2026-04-30";"Extintor";20000,00
"Transporte";"Auto mantenimiento";"2026-04-30";"aceite auto";14900,00
"Transporte";"T - Otros";"2026-04-30";"peaje";7362,74
"Ocio";"O - Otros";"2026-05-01";"alfajor atalaya";29300,00
"Ocio";"O - Otros";"2026-05-01";"disco olivia";2000,00
"Salud";"Cuidado Personal";"2026-05-02";"comida olivia";3400,00
"Salud";"Sa - Otros";"2026-05-02";"medicamento olivia";9000,00
"Transporte";"Combustible";"2026-05-03";"shell 2110 x l";88500,00
"Transporte";"T - Otros";"2026-05-04";"peaje";7362,74
"Seguros";"Vehículo";"2026-05-07";"Seguro auto";88671,00
"Supermercado";"Carnicería";"2026-05-08";"pata y muslo 3kg";11463,00
"Salud";"Sa - Otros";"2026-05-09";"consulta veterinaria";34000,00
"Ocio";"O - Otros";"2026-05-11";"Juntada agus";40328,00
"Ocio";"O - Otros";"2026-05-11";"franui shell";20100,00
"Ocio";"O - Otros";"2026-05-10";"burguer cnb";15000,00
"Transporte";"Auto mantenimiento";"2026-05-14";"vtv";97058,00
"Salud";"Cuidado Personal";"2026-05-14";"magnesio";56027,00
"Supermercado";"Carnicería";"2026-05-14";"alitas 3kg";7260,00
"Gastos_Fijos";"Celular";"2026-05-14";"celular movistar";16490,00
"Ocio";"O - Otros";"2026-05-16";"pit master";21000,00
"Ocio";"O - Otros";"2026-05-18";"pit master";54000,00
"Salud";"Farmacia";"2026-05-18";"pastillas fecofar";6100,00
"Salud";"Farmacia";"2026-05-20";"farmacia";10550,00
"Supermercado";"Carnicería";"2026-05-20";"pata y muslo 3kg";12000,00
"Supermercado";"Carnicería";"2026-05-23";"15kg PYM 15kg suprema";137750,00
"Ocio";"Paseos";"2026-05-23";"rix";20000,00
"Ocio";"O - Otros";"2026-05-24";"cowsins";17900,00
"Supermercado";"Carnicería";"2026-05-27";"carne cumple papa";71000,00
"Salud";"Farmacia";"2026-05-28";"farmacia";16100,00
"Supermercado";"Verdulería";"2026-05-28";"carbon";10000,00
"Supermercado";"Carnicería";"2026-05-28";"chinchu 2kg+ pan";19800,00
"Salud";"Farmacia";"2026-06-01";"farmacia";19292,00